{"documents": [{"source": "./data\\sample.txt", "chunk_index": 0, "text": "S\u0000a\u0000m\u0000p\u0000l\u0000e\u0000 \u0000 \u0000t\u0000e\u0000x\u0000t\u0000 \u0000 \u0000a\u0000b\u0000o\u0000u\u0000t\u0000 \u0000 \u0000i\u0000n\u0000v\u0000o\u0000i\u0000c\u0000e\u0000s\u0000 \u0000 \u0000a\u0000n\u0000d\u0000 \u0000 \u0000t\u0000o\u0000t\u0000a\u0000l\u0000s\u0000.\u0000 \u0000 \u0000"}], "idf": {"o": 1.0, "u": 1.0, "d": 1.0, "p": 1.0, "i": 1.0, "n": 1.0, "l": 1.0, "b": 1.0, "x": 1.0, "t": 1.0, "a": 1.0, "m": 1.0, "v": 1.0, "c": 1.0, "e": 1.0, "s": 1.0}, "vectors": [{"s": 0.09375, "a": 0.125, "m": 0.03125, "p": 0.03125, "l": 0.0625, "e": 0.09375, "t": 0.15625, "x": 0.03125, "b": 0.03125, "o": 0.09375, "u": 0.03125, "i": 0.0625, "n": 0.0625, "v": 0.03125, "c": 0.03125, "d": 0.03125}], "norms": [0.29315098498896436]}